Ce_wt,Cr_wt,T_equil_C,C,SI,MN,CU,NI,P,S,CE,CR,calculation_status,calculation_error,stable_phases,n_stable_phases,phasefrac_BCC_A2#1,phasefrac_M7C3_D101#1,phasefrac_MS_B1#1,phase_fraction_sum,phasefrac_base_BCC_A2,phasefrac_base_CEMENTITE_D011,phasefrac_base_M7C3_D101,phasefrac_base_MS_B1,phasefrac_base_CE2S3,phasefrac_base_CE3S4_D73,phasefrac_base_CE2C3_D5C,matrix_phase_fraction,matrix_Cr_wt,matrix_Mn_wt,matrix_Cu_wt,phasefrac_CE2S3#1,phasefrac_CE3S4_D73#1,phasefrac_CE2C3_D5C#1,harmful_phase_fraction,calphad_feasible
0.0,1.0,700.0,0.06,0.25,0.8,0.3,0.3,0.015,0.005,0.0,1.0,ok,,BCC_A2#1;M7C3_D101#1;MS_B1#1,3,0.9915358557173619,0.008290881196794827,0.0001732630858431268,0.9999999999999998,0.9915358557173619,0.0,0.008290881196794827,0.0001732630858431268,0.0,0.0,0.0,0.9915358557173619,0.7420002173557751,0.7617932810314713,0.30190407498083466,,,,0.0,False
0.0,1.1,700.0,0.06,0.25,0.8,0.3,0.3,0.015,0.005,0.0,1.1,ok,,BCC_A2#1;M7C3_D101#1;MS_B1#1,3,0.9914479377088011,0.008378811977591659,0.00017325031360723893,1.0,0.9914479377088011,0.0,0.008378811977591659,0.00017325031360723893,0.0,0.0,0.0,0.9914479377088011,0.8252609781131404,0.7635830845701418,0.30192094107121004,,,,0.0,True
0.0,1.2,700.0,0.06,0.25,0.8,0.3,0.3,0.015,0.005,0.0,1.2,ok,,BCC_A2#1;M7C3_D101#1;MS_B1#1,3,0.9913720933891629,0.008454669068207845,0.0001732375426293787,1.0,0.9913720933891629,0.0,0.008454669068207845,0.0001732375426293787,0.0,0.0,0.0,0.9913720933891629,0.909940204822382,0.7652172564222695,0.30193530155744835,,,,0.0,True
0.0,1.3,700.0,0.06,0.25,0.8,0.3,0.3,0.015,0.005,0.0,1.3,ok,,BCC_A2#1;M7C3_D101#1;MS_B1#1,3,0.9913064216760518,0.008520353550969344,0.00017322477297890436,1.0,0.9913064216760518,0.0,0.008520353550969344,0.00017322477297890436,0.0,0.0,0.0,0.9913064216760518,0.9958627591535046,0.766713574081703,0.30194756097322717,,,,0.0,True
0.0,1.4,700.0,0.06,0.25,0.8,0.3,0.3,0.015,0.005,0.0,1.4,ok,,BCC_A2#1;M7C3_D101#1;MS_B1#1,3,0.991249322667719,0.00857746532756493,0.00017321200471603096,1.0,0.991249322667719,0.0,0.00857746532756493,0.00017321200471603096,0.0,0.0,0.0,0.991249322667719,1.082880366848472,0.7680880202680684,0.3019580597456616,,,,0.0,True
0.005,1.0,700.0,0.06,0.25,0.8,0.3,0.3,0.015,0.005,0.005,1.0,ok,,BCC_A2#1;CE2S3#1;M7C3_D101#1;MS_B1#1,4,0.9915447963781006,0.008291436329115665,0.0001162622679592991,0.9999999999999999,0.9915447963781006,0.0,0.008291436329115665,0.0001162622679592991,4.750502482439017e-05,0.0,0.0,0.9915447963781006,0.7420821572535188,0.7645945718689763,0.30191053521047495,4.750502482439017e-05,,,0.0,False
0.005,1.1,700.0,0.06,0.25,0.8,0.3,0.3,0.015,0.005,0.005,1.1,ok,,BCC_A2#1;CE2S3#1;M7C3_D101#1;MS_B1#1,4,0.9914569345927607,0.008379310724224194,0.00011625047393547751,1.0000000000000002,0.9914569345927607,0.0,0.008379310724224194,0.00011625047393547751,4.750420907983939e-05,0.0,0.0,0.9914569345927607,0.8253470298581083,0.7663884132870313,0.301927388808105,4.750420907983939e-05,,,0.0,True
0.005,1.2,700.0,0.06,0.25,0.8,0.3,0.3,0.015,0.005,0.005,1.2,ok,,BCC_A2#1;CE2S3#1;M7C3_D101#1;MS_B1#1,4,0.9913811349478895,0.00845512303640807,0.0001162383283133517,0.9999999999999999,0.9913811349478895,0.0,0.00845512303640807,0.0001162383283133517,4.750368738903152e-05,0.0,0.0,0.9913811349478895,0.9100301032558118,0.7680261459900904,0.3019417393783876,4.750368738903152e-05,,,0.0,True
0.005,1.3,700.0,0.06,0.25,0.8,0.3,0.3,0.015,0.005,0.005,1.3,ok,,BCC_A2#1;CE2S3#1;M7C3_D101#1;MS_B1#1,4,0.9913154989574501,0.008520771743220967,0.00011622588165418092,0.9999999999999999,0.9913154989574501,0.0,0.008520771743220967,0.00011622588165418092,4.750341767465684e-05,0.0,0.0,0.9913154989574501,0.9959563161332206,0.7695255976587706,0.3019539908753115,4.750341767465684e-05,,,0.0,True
0.005,1.4,700.0,0.06,0.25,0.8,0.3,0.3,0.015,0.005,0.005,1.4,ok,,BCC_A2#1;CE2S3#1;M7C3_D101#1;MS_B1#1,4,0.9912584287101985,0.008577854748521187,0.00011621317797632737,1.0000000000000002,0.9912584287101985,0.0,0.008577854748521187,0.00011621317797632737,4.7503363304086714e-05,0.0,0.0,0.9912584287101985,1.0829774487697224,0.7709027980623703,0.3019644832812181,4.7503363304086714e-05,,,0.0,True
0.01,1.0,700.0,0.06,0.25,0.8,0.3,0.3,0.015,0.005,0.01,1.0,ok,,BCC_A2#1;CE2S3#1;M7C3_D101#1;MS_B1#1,4,0.9915543631638662,0.008291994113537756,5.548889760131497e-05,0.9999999999999999,0.9915543631638662,0.0,0.008291994113537756,5.548889760131497e-05,9.815382499451469e-05,0.0,0.0,0.9915543631638662,0.7421636164096574,0.7674572093125466,0.3019168075472153,9.815382499451469e-05,,,0.0,False
0.01,1.1,700.0,0.06,0.25,0.8,0.3,0.3,0.015,0.005,0.01,1.1,ok,,BCC_A2#1;CE2S3#1;M7C3_D101#1;MS_B1#1,4,0.9914665577184336,0.008379811142462997,5.5483264965046564e-05,0.9999999999999999,0.9914665577184336,0.0,0.008379811142462997,5.5483264965046564e-05,9.814787413818094e-05,0.0,0.0,0.9914665577184336,0.8254324131787637,0.7692552880857138,0.3019336486310467,9.814787413818094e-05,,,0.0,True
0.01,1.2,700.0,0.06,0.25,0.8,0.3,0.3,0.015,0.005,0.01,1.2,ok,,BCC_A2#1;CE2S3#1;M7C3_D101#1;MS_B1#1,4,0.9913908025435785,0.008455577927816876,5.547746394870912e-05,1.0,0.9913908025435785,0.0,0.008455577927816876,5.547746394870912e-05,9.814206465585272e-05,0.0,0.0,0.9913908025435785,0.9101191372121092,0.7708967624670877,0.3019479893463627,9.814206465585272e-05,,,0.0,True
0.01,1.3,700.0,0.06,0.25,0.8,0.3,0.3,0.015,0.005,0.01,1.3,ok,,BCC_A2#1;CE2S3#1;M7C3_D101#1;MS_B1#1,4,0.9913252018178454,0.008521190286967918,5.547151873144103e-05,1.0000000000000002,0.9913252018178454,0.0,0.008521190286967918,5.547151873144103e-05,9.813637645528671e-05,0.0,0.0,0.9913252018178454,0.9960488070600833,0.7723995118362876,0.30196023305081526,9.813637645528671e-05,,,0.0,True
0.01,1.4,700.0,0.06,0.25,0.8,0.3,0.3,0.015,0.005,0.01,1.4,ok,,BCC_A2#1;CE2S3#1;M7C3_D101#1;MS_B1#1,4,0.9912681596737023,0.008578244083890364,5.5465450366036014e-05,1.0,0.9912681596737023,0.0,0.008578244083890364,5.5465450366036014e-05,9.813079204129973e-05,0.0,0.0,0.9912681596737023,1.0830732596341903,0.773779614474511,0.30197071926883373,9.813079204129973e-05,,,0.0,True
0.015,1.0,700.0,0.06,0.25,0.8,0.3,0.3,0.015,0.005,0.015,1.0,ok,,BCC_A2#1;CE2S3#1;CE3S4_D73#1;M7C3_D101#1,4,0.9915613415745613,0.00829253215889452,,1.0000000000000002,0.9915613415745613,0.0,0.00829253215889452,0.0,0.00010987854226110991,3.624772428325803e-05,0.0,0.9915613415745613,0.7422405106801271,0.7700741979863991,0.30192385832527585,0.00010987854226110991,3.624772428325803e-05,,0.0,False
0.015,1.1,700.0,0.06,0.25,0.8,0.3,0.3,0.015,0.005,0.015,1.1,ok,,BCC_A2#1;CE2S3#1;CE3S4_D73#1;M7C3_D101#1,4,0.9914735879553624,0.008380296545078094,,0.9999999999999999,0.9914735879553624,0.0,0.008380296545078094,0.0,0.00010987044608771084,3.6245053471615e-05,0.0,0.9914735879553624,0.8255132393130289,0.7718761666969386,0.3019406880147984,0.00010987044608771084,3.6245053471615e-05,,0.0,True
0.015,1.2,700.0,0.06,0.25,0.8,0.3,0.3,0.015,0.005,0.015,1.2,ok,,BCC_A2#1;CE2S3#1;CE3S4_D73#1;M7C3_D101#1,4,0.9913978737626765,0.008456021503163035,,1.0000000000000002,0.9913978737626765,0.0,0.008456021503163035,0.0,0.00010986235110753627,3.624238305311927e-05,0.0,0.9913978737626765,0.9102036541904257,0.773521077110084,0.3019550197509014,0.00010986235110753627,3.624238305311927e-05,,0.0,True
0.015,1.3,700.0,0.06,0.25,0.8,0.3,0.3,0.015,0.005,0.015,1.3,ok,,BCC_A2#1;CE2S3#1;CE3S4_D73#1;M7C3_D101#1,4,0.9913323056027519,0.008521600426899997,,0.9999999999999999,0.9913323056027519,0.0,0.008521600426899997,0.0,0.0001098542573202908,3.623971302774519e-05,0.0,0.9913323056027519,0.9961368454193628,0.7750268559834363,0.3019672563501952,0.0001098542573202908,3.623971302774519e-05,,0.0,True
0.015,1.4,700.0,0.06,0.25,0.8,0.3,0.3,0.015,0.005,0.015,1.4,ok,,BCC_A2#1;CE2S3#1;CE3S4_D73#1;M7C3_D101#1,4,0.9912752894713447,0.008578627320534153,,1.0,0.9912752894713447,0.0,0.008578627320534153,0.0,0.00010984616472568634,3.6237043395455576e-05,0.0,0.9912752894713447,1.083164700553119,0.7764096260386282,0.3019777369215714,0.00010984616472568634,3.6237043395455576e-05,,0.0,True
0.02,1.0,700.0,0.06,0.25,0.8,0.3,0.3,0.015,0.005,0.02,1.0,ok,,BCC_A2#1;CE3S4_D73#1;M7C3_D101#1;MS_B1#1,4,0.9915411657432149,0.0082928677145525,0.00011473447403424532,1.0000000000000002,0.9915411657432149,0.0,0.0082928677145525,0.00011473447403424532,0.0,5.1232068198496783e-05,0.0,0.9915411657432149,0.7422705643756413,0.7701113901703301,0.30193907279975846,,5.1232068198496783e-05,,0.0,False
0.02,1.1,700.0,0.06,0.25,0.8,0.3,0.3,0.015,0.005,0.02,1.1,ok,,BCC_A2#1;CE3S4_D73#1;M7C3_D101#1;MS_B1#1,4,0.9914534174803658,0.008380628205502914,0.00011472602892072504,0.9999999999999998,0.9914534174803658,0.0,0.008380628205502914,0.00011472602892072504,0.0,5.1228285210449115e-05,0.0,0.9914534174803658,0.8255473992254307,0.7719135553503608,0.3019559026543622,,5.1228285210449115e-05,,0.0,True
0.02,1.2,700.0,0.06,0.25,0.8,0.3,0.3,0.015,0.005,0.02,1.2,ok,,BCC_A2#1;CE3S4_D73#1;M7C3_D101#1;MS_B1#1,4,0.9913777083866372,0.008456349527294174,0.00011471757095111686,1.0,0.9913777083866372,0.0,0.008456349527294174,0.00011471757095111686,0.0,5.122451511768492e-05,0.0,0.9913777083866372,0.9102420212554493,0.7735586396027334,0.301970234453426,,5.122451511768492e-05,,0.0,True
0.02,1.3,700.0,0.06,0.25,0.8,0.3,0.3,0.015,0.005,0.02,1.3,ok,,BCC_A2#1;CE3S4_D73#1;M7C3_D101#1;MS_B1#1,4,0.9913121450589807,0.008521925082757585,0.00011470910185501425,0.9999999999999998,0.9913121450589807,0.0,0.008521925082757585,0.00011470910185501425,0.0,5.1220756406470067e-05,0.0,0.9913121450589807,0.9961795046330744,0.7750645733168481,0.30198247104174414,,5.1220756406470067e-05,,0.0,True
0.02,1.4,700.0,0.06,0.25,0.8,0.3,0.3,0.015,0.005,0.02,1.4,ok,,BCC_A2#1;CE3S4_D73#1;M7C3_D101#1;MS_B1#1,4,0.9912551334976327,0.00857894887146756,0.00011470062315953997,1.0,0.9912551334976327,0.0,0.00857894887146756,0.00011470062315953997,0.0,5.121700774022902e-05,0.0,0.9912551334976327,1.0832117244365886,0.7764474821829228,0.30199295154924444,,5.121700774022902e-05,,0.0,True
0.025,1.0,700.0,0.06,0.25,0.8,0.3,0.3,0.015,0.005,0.025,1.0,ok,,BCC_A2#1;CE2C3_D5C#1;M7C3_D101#1;MS_B1#1,4,0.9915619187099515,0.00823461967715027,0.00017329061551322634,0.9999999999999997,0.9915619187099515,0.0,0.00823461967715027,0.00017329061551322634,0.0,0.0,3.0170997384798257e-05,0.9915619187099515,0.7438581744697256,0.7703988264685326,0.30194182899394917,,,3.0170997384798257e-05,0.0,False
0.025,1.1,700.0,0.06,0.25,0.8,0.3,0.3,0.015,0.005,0.025,1.1,ok,,BCC_A2#1;CE2C3_D5C#1;M7C3_D101#1;MS_B1#1,4,0.9914741315632538,0.008322640161056537,0.00017327784657653018,0.9999999999999997,0.9914741315632538,0.0,0.008322640161056537,0.00017327784657653018,0.0,0.0,2.9950429112834075e-05,0.9914741315632538,0.8272398834774349,0.7721835738169887,0.3019586651194675,,,2.9950429112834075e-05,0.0,True
0.025,1.2,700.0,0.06,0.25,0.8,0.3,0.3,0.015,0.005,0.025,1.2,ok,,BCC_A2#1;CE2C3_D5C#1;M7C3_D101#1;MS_B1#1,4,0.9913983389551841,0.008398699191138512,0.00017326507950787088,1.0,0.9913983389551841,0.0,0.008398699191138512,0.00017326507950787088,0.0,0.0,2.9696774169513304e-05,0.9913983389551841,0.9120271683779074,0.773812635531248,0.301973007262622,,,2.9696774169513304e-05,0.0,True
0.025,1.3,700.0,0.06,0.25,0.8,0.3,0.3,0.015,0.005,0.025,1.3,ok,,BCC_A2#1;CE2C3_D5C#1;M7C3_D101#1;MS_B1#1,4,0.9913326419956151,0.008464698587505787,0.00017325231430719503,1.0000000000000002,0.9913326419956151,0.0,0.008464698587505787,0.00017325231430719503,0.0,0.0,2.940710257214297e-05,0.9913326419956151,0.9980456940723024,0.7753037698572026,0.30198525933957854,,,2.940710257214297e-05,0.0,True
0.025,1.4,700.0,0.06,0.25,0.8,0.3,0.3,0.015,0.005,0.025,1.4,ok,,BCC_A2#1;CE2C3_D5C#1;M7C3_D101#1;MS_B1#1,4,0.991275443089894,0.008522238986390472,0.00017323955097462142,1.0000000000000002,0.991275443089894,0.0,0.008522238986390472,0.00017323955097462142,0.0,0.0,2.9078372741056504e-05,0.991275443089894,1.0851478081256118,0.7766729423995056,0.3019957610723429,,,2.9078372741056504e-05,0.0,True
0.03,1.0,700.0,0.06,0.25,0.8,0.3,0.3,0.015,0.005,0.03,1.0,ok,,BCC_A2#1;CE2C3_D5C#1;M7C3_D101#1;MS_B1#1,4,0.9916082498001839,0.008138712776118924,0.00017329580048909253,1.0000000000000002,0.9916082498001839,0.0,0.008138712776118924,0.00017329580048909253,0.0,0.0,7.974162320831137e-05,0.9916082498001839,0.746456466634454,0.7708460235818523,0.3019371302639391,,,7.974162320831137e-05,0.0,False
0.03,1.1,700.0,0.06,0.25,0.8,0.3,0.3,0.015,0.005,0.03,1.1,ok,,BCC_A2#1;CE2C3_D5C#1;M7C3_D101#1;MS_B1#1,4,0.9915207330656833,0.008226467914107175,0.0001732830307884107,1.0,0.9915207330656833,0.0,0.008226467914107175,0.0001732830307884107,0.0,0.0,7.95159894211387e-05,0.9915207330656833,0.8300277284248583,0.7726050966021519,0.3019539425505001,,,7.95159894211387e-05,0.0,True
0.03,1.2,700.0,0.06,0.25,0.8,0.3,0.3,0.015,0.005,0.03,1.2,ok,,BCC_A2#1;CE2C3_D5C#1;M7C3_D101#1;MS_B1#1,4,0.991445192507672,0.008302280128789506,0.0001732702629558511,1.0000000000000002,0.991445192507672,0.0,0.008302280128789506,0.0001732702629558511,0.0,0.0,7.925710058276964e-05,0.991445192507672,0.914990178629672,0.7742108970262379,0.3019682621806024,,,7.925710058276964e-05,0.0,True
0.03,1.3,700.0,0.06,0.25,0.8,0.3,0.3,0.015,0.005,0.03,1.3,ok,,BCC_A2#1;CE2C3_D5C#1;M7C3_D101#1;MS_B1#1,4,0.9913797252445111,0.00836805524066017,0.00017325749699138206,1.0000000000000002,0.9913797252445111,0.0,0.00836805524066017,0.00017325749699138206,0.0,0.0,7.89620178374521e-05,0.9913797252445111,1.0011710356214096,0.7756809078323796,0.3019804943108695,,,7.89620178374521e-05,0.0,True
0.03,1.4,700.0,0.06,0.25,0.8,0.3,0.3,0.015,0.005,0.03,1.4,ok,,BCC_A2#1;CE2C3_D5C#1;M7C3_D101#1;MS_B1#1,4,0.991322732831252,0.008425394744980025,0.000173244732895139,1.0,0.991322732831252,0.0,0.008425394744980025,0.000173244732895139,0.0,0.0,7.862769087278115e-05,0.991322732831252,1.088424034902125,0.7770308399836612,0.3019909791384964,,,7.862769087278115e-05,0.0,True
0.035,1.0,700.0,0.06,0.25,0.8,0.3,0.3,0.015,0.005,0.035,1.0,ok,,BCC_A2#1;CE2C3_D5C#1;M7C3_D101#1;MS_B1#1,4,0.9916545877166693,0.008042796135188246,0.000173300985775267,1.0,0.9916545877166693,0.0,0.008042796135188246,0.000173300985775267,0.0,0.0,0.0001293151623672893,0.9916545877166693,0.749065387551054,0.7712920516141971,0.30193243306522644,,,0.0001293151623672893,0.0,False
0.035,1.1,700.0,0.06,0.25,0.8,0.3,0.3,0.015,0.005,0.035,1.1,ok,,BCC_A2#1;CE2C3_D5C#1;M7C3_D101#1;MS_B1#1,4,0.9915673422012617,0.008130285129787739,0.00017328821531052647,0.9999999999999996,0.9915673422012617,0.0,0.008130285129787739,0.00017328821531052647,0.0,0.0,0.00012908445363957056,0.9915673422012617,0.8328259233364759,0.7730254860156843,0.3019492212693908,,,0.00012908445363957056,0.0,True
0.035,1.2,700.0,0.06,0.25,0.8,0.3,0.3,0.015,0.005,0.035,1.2,ok,,BCC_A2#1;CE2C3_D5C#1;M7C3_D101#1;MS_B1#1,4,0.9914920540459696,0.008205850186484034,0.0001732754467139945,1.0000000000000002,0.9914920540459696,0.0,0.008205850186484034,0.0001732754467139945,0.0,0.0,0.00012882032083252822,0.9914920540459696,0.9179632324616481,0.7746080682736437,0.3019635182426793,,,0.00012882032083252822,0.0,True
0.035,1.3,700.0,0.06,0.25,0.8,0.3,0.3,0.015,0.005,0.035,1.3,ok,,BCC_A2#1;CE2C3_D5C#1;M7C3_D101#1;MS_B1#1,4,0.9914268165391811,0.008271400964619088,0.00017326267998566075,1.0,0.9914268165391811,0.0,0.008271400964619088,0.00017326267998566075,0.0,0.0,0.0001285198162142294,0.9914268165391811,1.0043061025875588,0.7760570017175821,0.30197573034769704,,,0.0001285198162142294,0.0,True
0.035,1.4,700.0,0.06,0.25,0.8,0.3,0.3,0.015,0.005,0.035,1.4,ok,,BCC_A2#1;CE2C3_D5C#1;M7C3_D101#1;MS_B1#1,4,0.9913700304973668,0.008328539706766221,0.00017324991512567705,1.0,0.9913700304973668,0.0,0.008328539706766221,0.00017324991512567705,0.0,0.0,0.00012817988074132936,0.9913700304973668,1.091709666843757,0.7773877400816279,0.3019861982327674,,,0.00012817988074132936,0.0,True
0.04,1.0,700.0,0.06,0.25,0.8,0.3,0.3,0.015,0.005,0.04,1.0,ok,,BCC_A2#1;CE2C3_D5C#1;M7C3_D101#1;MS_B1#1,4,0.9917009325202412,0.007946869693685115,0.0001733061713717776,0.9999999999999999,0.9917009325202412,0.0,0.007946869693685115,0.0001733061713717776,0.0,0.0,0.00017889161470182864,0.9917009325202412,0.7516849524234016,0.7717369066038177,0.3019277373868769,,,0.00017889161470182864,0.0,False
0.04,1.1,700.0,0.06,0.25,0.8,0.3,0.3,0.015,0.005,0.04,1.1,ok,,BCC_A2#1;CE2C3_D5C#1;M7C3_D101#1;MS_B1#1,4,0.991613959013281,0.0080340917650129,0.00017329340014290542,0.9999999999999999,0.991613959013281,0.0,0.0080340917650129,0.00017329340014290542,0.0,0.0,0.00017865582156303129,0.991613959013281,0.8356344781681612,0.7734447393035726,0.30194450126821787,,,0.00017865582156303129,0.0,True
0.04,1.2,700.0,0.06,0.25,0.8,0.3,0.3,0.015,0.005,0.04,1.2,ok,,BCC_A2#1;CE2C3_D5C#1;M7C3_D101#1;MS_B1#1,4,0.9915389235995132,0.00810940933503666,0.0001732806307823285,1.0,0.9915389235995132,0.0,0.00810940933503666,0.0001732806307823285,0.0,0.0,0.00017838643466776413,0.9915389235995132,0.9209463357863287,0.7750041474026796,0.3019587754433191,,,0.00017838643466776413,0.0,True
0.04,1.3,700.0,0.06,0.25,0.8,0.3,0.3,0.015,0.005,0.04,1.3,ok,,BCC_A2#1;CE2C3_D5C#1;M7C3_D101#1;MS_B1#1,4,0.9914739158985951,0.00817473574070976,0.0001732678632900586,1.0,0.9914739158985951,0.0,0.00817473574070976,0.0001732678632900586,0.0,0.0,0.00017808049740504925,0.9914739158985951,1.0074508977485643,0.7764320502881886,0.3019709674463008,,,0.00017808049740504925,0.0,True
0.04,1.4,700.0,0.06,0.25,0.8,0.3,0.3,0.015,0.005,0.04,1.4,ok,,BCC_A2#1;CE2C3_D5C#1;M7C3_D101#1;MS_B1#1,4,0.9914173360995264,0.008231673860805094,0.00017325509766626319,1.0000000000000004,0.9914173360995264,0.0,0.008231673860805094,0.00017325509766626319,0.0,0.0,0.00017773494200264614,0.9914173360995264,1.09500470427347,0.7777436419426624,0.30198141835265696,,,0.00017773494200264614,0.0,True
0.045,1.0,700.0,0.06,0.25,0.8,0.3,0.3,0.015,0.005,0.045,1.0,ok,,BCC_A2#1;CE2C3_D5C#1;M7C3_D101#1;MS_B1#1,4,0.9917472842713864,0.007850933391285397,0.00017331135727865173,0.9999999999999997,0.9917472842713864,0.0,0.007850933391285397,0.00017331135727865173,0.0,0.0,0.00022847098004925934,0.9917472842713864,0.7543151761856088,0.7721805846498427,0.30192304321798147,,,0.00022847098004925934,0.0,False
0.045,1.1,700.0,0.06,0.25,0.8,0.3,0.3,0.015,0.005,0.045,1.1,ok,,BCC_A2#1;CE2C3_D5C#1;M7C3_D101#1;MS_B1#1,4,0.991660583544653,0.007937887777077723,0.0001732985852855751,0.9999999999999999,0.991660583544653,0.0,0.007937887777077723,0.0001732985852855751,0.0,0.0,0.00022823009298353887,0.991660583544653,0.8384534026365612,0.773862853763551,0.30193978253909654,,,0.00022823009298353887,0.0,True
0.045,1.2,700.0,0.06,0.25,0.8,0.3,0.3,0.015,0.005,0.045,1.2,ok,,BCC_A2#1;CE2C3_D5C#1;M7C3_D101#1;MS_B1#1,4,0.9915858011973887,0.008012957545615896,0.00017328581516088133,1.0,0.9915858011973887,0.0,0.008012957545615896,0.00017328581516088133,0.0,0.0,0.00022795544183449624,0.9915858011973887,0.9239394943062557,0.7753991325858465,0.30195403377702223,,,0.00022795544183449624,0.0,True
0.045,1.3,700.0,0.06,0.25,0.8,0.3,0.3,0.015,0.005,0.045,1.3,ok,,BCC_A2#1;CE2C3_D5C#1;M7C3_D101#1;MS_B1#1,4,0.9915210233414202,0.008078059550565677,0.00017327304690460354,1.0,0.9915210233414202,0.0,0.008078059550565677,0.00017327304690460354,0.0,0.0,0.00022764406110945145,0.9915210233414202,1.010605423698415,0.7768060523555737,0.3019662056029493,,,0.00022764406110945145,0.0,True
0.045,1.4,700.0,0.06,0.25,0.8,0.3,0.3,0.015,0.005,0.045,1.4,ok,,BCC_A2#1;CE2C3_D5C#1;M7C3_D101#1;MS_B1#1,4,0.9914646496487675,0.008134797196406094,0.00017326028051692507,1.0,0.9914646496487675,0.0,0.008134797196406094,0.00017326028051692507,0.0,0.0,0.00022729287430959,0.9914646496487675,1.0983091473526485,0.77809854484591,0.3019766394956823,,,0.00022729287430959,0.0,True
0.05,1.0,700.0,0.06,0.25,0.8,0.3,0.3,0.015,0.005,0.05,1.0,ok,,BCC_A2#1;CE2C3_D5C#1;M7C3_D101#1;MS_B1#1,4,0.9917936430302391,0.007754987168020871,0.00017331654349591753,1.0,0.9917936430302391,0.0,0.007754987168020871,0.00017331654349591753,0.0,0.0,0.00027805325824412357,0.9917936430302391,0.7569560735010851,0.7726230819125633,0.3019183505476608,,,0.00027805325824412357,0.0,False
0.05,1.1,700.0,0.06,0.25,0.8,0.3,0.3,0.015,0.005,0.05,1.1,ok,,BCC_A2#1;CE2C3_D5C#1;M7C3_D101#1;MS_B1#1,4,0.9917072158379117,0.007841673123659474,0.00017330377073856336,0.9999999999999999,0.9917072158379117,0.0,0.007841673123659474,0.00017330377073856336,0.0,0.0,0.00027780726769023703,0.9917072158379117,0.8412827062186847,0.7742798267451154,0.30193506507418366,,,0.00027780726769023703,0.0,True
0.05,1.2,700.0,0.06,0.25,0.8,0.3,0.3,0.015,0.005,0.05,1.2,ok,,BCC_A2#1;CE2C3_D5C#1;M7C3_D101#1;MS_B1#1,4,0.9916326868683277,0.007916494789746677,0.00017329099984968033,0.9999999999999998,0.9916326868683277,0.0,0.007916494789746677,0.00017329099984968033,0.0,0.0,0.00027752734207577565,0.9916326868683277,0.9269427135140016,0.7757930220388677,0.30194929323832725,,,0.00027752734207577565,0.0,True
0.05,1.3,700.0,0.06,0.25,0.8,0.3,0.3,0.015,0.005,0.05,1.3,ok,,BCC_A2#1;CE2C3_D5C#1;M7C3_D101#1;MS_B1#1,4,0.9915681388860202,0.007981372376126498,0.00017327823082932307,1.0,0.9915681388860202,0.0,0.007981372376126498,0.00017327823082932307,0.0,0.0,0.0002772105070239351,0.9915681388860202,1.013769682847373,0.7771790067669715,0.3019614448139408,,,0.0002772105070239351,0.0,True
0.05,1.4,700.0,0.06,0.25,0.8,0.3,0.3,0.015,0.005,0.05,1.4,ok,,BCC_A2#1;CE2C3_D5C#1;M7C3_D101#1;MS_B1#1,4,0.9915119711558786,0.008037909703131766,0.00017326546367769054,1.0,0.9915119711558786,0.0,0.008037909703131766,0.00017326546367769054,0.0,0.0,0.0002768536773119281,0.9915119711558786,1.1016229960813246,0.7784524481003152,0.301971861659391,,,0.0002768536773119281,0.0,True
